{
  "features": [
    "traffic_index",
    "weather_index"
  ],
  "center_": [
    1.01071182053498,
    1.003500177075408
  ],
  "scale_": [
    0.015534906655878755,
    0.01656781454622569
  ]
}